{"768": [0, 2], "769": [0, 2], "956": [0, 4], "819": [0, 4], "933": [0, 4], "812": [0, 4], "936": [0, 4], "816": [0, 4], "934": [0, 2], "994": [0, 4], "996": [0, 2], "993": [0, 4], "965": [0, 2], "999": [0, 4], "998": [0, 2], "961": [0, 2], "1023": [0, 2], "928": [0, 2], "929": [0, 2], "828": [0, 2], "825": [0, 2], "921": [0, 2], "922": [0, 4], "1013": [0, 4], "924": [0, 2], "927": [0, 4], "983": [0, 2], "986": [0, 4], "987": [0, 2], "984": [0, 2], "985": [0, 4], "771": [0, 2], "797": [0, 2], "796": [0, 2], "795": [0, 2], "794": [0, 6], "793": [0, 2], "791": [0, 2], "790": [0, 2], "839": [0, 4], "798": [0, 2], "1019": [0, 2], "915": [0, 4], "914": [0, 6], "917": [0, 2], "1017": [0, 2], "1010": [0, 2], "1011": [0, 4], "1012": [0, 6], "912": [0, 4], "977": [0, 6], "824": [0, 6], "902": [0, 4], "846": [0, 2], "900": [0, 2], "844": [0, 4], "907": [0, 2], "782": [0, 2], "905": [0, 2], "908": [0, 2], "909": [0, 4], "849": [0, 2], "1006": [0, 2], "1005": [0, 2], "1001": [0, 2], "1000": [0, 2], "897": [0, 4], "787": [0, 4], "854": [0, 2], "855": [0, 2], "974": [0, 2], "973": [0, 2], "972": [0, 4], "853": [0, 2], "859": [0, 2], "784": [0, 6], "781": [0, 4], "785": [0, 2], "833": [0, 2], "786": [0, 2], "901": [0, 8], "842": [0, 2], "869": [0, 2], "868": [0, 2], "1021": [0, 4], "841": [0, 4], "962": [0, 4], "1022": [0, 2], "860": [0, 2], "863": [0, 2], "862": [0, 4], "968": [0, 2], "864": [0, 2], "935": [0, 2], "783": [0, 4], "883": [0, 2], "880": [0, 2], "887": [0, 2], "886": [0, 4], "885": [0, 2], "942": [0, 2], "889": [0, 4], "888": [0, 2], "959": [0, 4], "958": [0, 4], "878": [0, 2], "879": [0, 2], "876": [0, 6], "877": [0, 2], "952": [0, 2], "872": [0, 6], "871": [0, 2], "890": [0, 2], "891": [0, 2], "776": [0, 6], "894": [0, 2], "772": [0, 2], "779": [0, 2], "830": [0, 2], "831": [0, 2], "836": [0, 2], "949": [0, 2], "945": [0, 2], "903": [0, 2], "940": [0, 2], "951": [0, 6], "801": [0, 2], "800": [0, 2], "807": [0, 2], "805": [0, 6], "804": [0, 2]}