Reference, Value, Quantity, Datasheet, Manufacturer, SKU, TME
C1 ,4700uF,1,https://www.tme.eu/Document/280e3fb6bfa2629e98808628203c848c/e-ls.pdf,NICHICON,LLS1J472MELA,LLS1J472MELA
C2 ,10uF,1,https://www.tme.eu/Document/ee7c1395f0741ee0ee0df84539c3fd29/e-urs.pdf,NICHICON,URS1C100MDD,URS1C100MDD
C3 ,100pF,1,https://www.tme.eu/Document/e69911e065ed5e1d0ce354af6c563ca3/CC-4.7.pdf,SR PASSIVES,,CC-100
C4 ,2200uF,1,,,,CE-2200/40A
D1 ,D_TVS,1,,,,
D13 D14 D3 ,1N4004,3,http://www.vishay.com/docs/88503/1n4001.pdf,VISHAY,,
D16 ,1N5348 11V 5W,1,https://www.tme.eu/Document/01c8e2b3cf396fe61d216c295d761a68/1N53_ser.pdf,ON SEMICONDUCTOR,1N5348BG,1N5348BG
D10 D11 D12 D2 D4 D5 D6 D7 D8 D9 ,1N5408,10,http://www.vishay.com/docs/88516/1n5400.pdf,VISHAY,1N5408-E3/54,1N5408-E3/54
F1 ,Fuse,1,,,,
HS1 ,Heatsink,1,banggood.com/182x100x45mm-Aluminum-Heat-Sink-Heatsink-For-High-Power-LED-Amplifier-Transistor-Cooler-p-1142259.html,Banggood,1142259,
J1 ,Vcc,1,,,,
J2 ,GND,1,,,,
J3 ,Module+,1,,,,
J5 ,Vout+,1,,,,
J6 ,3055-Coll,1,,,,
J7 ,3055-Base,1,,,,
J8 ,3055-Emm,1,,,,
J9 ,Vout-,1,,,,
NE1 ,Red,1,,NINIGI,,NI-1RD
Q1 ,BD139,1,http://www.st.com/internet/com/TECHNICAL_RESOURCES/TECHNICAL_LITERATURE/DATASHEET/CD00001225.pdf,STMicroelectronics,BD139,BD139
Q2 Q3 ,2N3055,2,http://www.onsemi.com/pub_link/Collateral/2N3055-D.PDF,ON SEMICONDUCTOR,2N3055G,2N3055G
R1 ,6K2,1,,,,
R2 ,6K8,1,,,,
R3 ,47K,1,,,,
R4 R8 ,R33 5W,2,,ROYAL OHM,KNP05SJ033KA10,KNP05WS-0R33
R5 ,R33 5W,1,,ROYAL OHM,KNP05SJ033KA10,KNP05WS-0R33
RV1 RV2 ,10K,2,https://www.tme.eu/Document/e13a4eb615fc162fef410c3ed914459b/SR_Passives-POT2218M.pdf,SR PASSIVES,POT2218M-10K,POT2218M-10K
SW1 ,SW_SPST,1,https://www.tme.eu/Document/f90695597f0f1676a8d370239f391d47/1811.1102.pdf,Marquardt,01811.1102-02,1811.1102
SW2 ,AmpSet_3A,1,,,,
T1 ,240-30-90VA,1,https://www.tme.eu/Document/c4aa10c935ccc8c890c2de085c552cbb/TMM-EN.pdf,BREVE TUFVASSONS,TMM63/A230/36V,TMM63/A230/36V
U1 ,LM723_DIP14,1,http://www.ti.com/lit/ds/symlink/lm723.pdf,TEXAS INSTRUMENTS,UA723CN,UA723CN
