{"216": [0, 3], "212": [0, 1], "211": [0, 1], "131": [0, 1], "136": [0, 1], "135": [0, 2], "138": [0, 1], "198": [0, 1], "25": [0, 1], "26": [0, 1], "224": [0, 2], "21": [0, 1], "22": [0, 2], "223": [0, 2], "29": [0, 1], "0": [0, 2], "4": [0, 1], "220": [0, 1], "120": [0, 1], "121": [0, 1], "122": [0, 1], "125": [0, 1], "127": [0, 1], "129": [0, 2], "54": [0, 2], "57": [0, 1], "56": [0, 3], "53": [0, 1], "199": [0, 3], "179": [0, 1], "200": [0, 1], "197": [0, 1], "196": [0, 1], "190": [0, 1], "114": [0, 1], "88": [0, 1], "89": [0, 1], "110": [0, 1], "113": [0, 4], "176": [0, 1], "82": [0, 1], "83": [0, 1], "81": [0, 1], "87": [0, 1], "84": [0, 2], "85": [0, 1], "3": [0, 1], "7": [0, 2], "255": [0, 1], "245": [0, 1], "247": [0, 1], "109": [0, 1], "243": [0, 1], "102": [0, 3], "103": [0, 2], "100": [0, 1], "101": [0, 1], "106": [0, 1], "107": [0, 2], "104": [0, 2], "33": [0, 1], "30": [0, 1], "37": [0, 2], "36": [0, 1], "35": [0, 1], "34": [0, 1], "252": [0, 3], "60": [0, 1], "61": [0, 1], "66": [0, 1], "67": [0, 2], "177": [0, 1], "69": [0, 1], "175": [0, 1], "251": [0, 1], "172": [0, 1], "171": [0, 1], "170": [0, 2], "203": [0, 1], "249": [0, 3], "181": [0, 3], "162": [0, 2], "187": [0, 1], "184": [0, 1], "188": [0, 1], "189": [0, 1], "99": [0, 1], "168": [0, 1], "229": [0, 1], "228": [0, 3], "90": [0, 2], "92": [0, 3], "205": [0, 1], "161": [0, 3], "97": [0, 1], "163": [0, 3], "11": [0, 1], "10": [0, 1], "13": [0, 2], "12": [0, 1], "15": [0, 2], "14": [0, 2], "16": [0, 3], "19": [0, 2], "18": [0, 2], "117": [0, 2], "250": [0, 1], "204": [0, 1], "150": [0, 1], "153": [0, 1], "152": [0, 1], "155": [0, 2], "154": [0, 1], "156": [0, 2], "238": [0, 2], "239": [0, 1], "234": [0, 1], "237": [0, 1], "230": [0, 2], "231": [0, 2], "232": [0, 3], "233": [0, 3], "49": [0, 3], "46": [0, 2], "47": [0, 1], "44": [0, 1], "45": [0, 1], "1": [0, 3], "9": [0, 2], "147": [0, 1], "144": [0, 2], "142": [0, 1], "143": [0, 2], "140": [0, 1], "141": [0, 1], "209": [0, 4], "76": [0, 1], "75": [0, 1], "74": [0, 3], "72": [0, 3], "70": [0, 1]}