{
  "packages": [
    {
      "maintainer": "ESP8266 Community", 
      "help": {
        "online": "http://esp8266.com/arduino"
      }, 
      "websiteURL": "https://github.com/esp8266/Arduino", 
      "platforms": [
        {
          "category": "ESP8266", 
          "help": {
            "online": "http://arduino.esp8266.com/versions/1.6.5-1160-gef26c5f/doc/reference.html"
          }, 
          "url": "http://arduino.esp8266.com/versions/1.6.5-1160-gef26c5f/esp8266-1.6.5-1160-gef26c5f.zip", 
          "checksum": "SHA-256:bb4be7d4084fd37d6c2f0bbd875774154f681392ca40e430a37c913fab2312ca", 
          "name": "esp8266", 
          "version": "1.6.5-1160-gef26c5f", 
          "architecture": "esp8266", 
          "archiveFileName": "esp8266-1.6.5-1160-gef26c5f.zip", 
          "size": "4152231", 
          "toolsDependencies": [
            {
              "packager": "esp8266", 
              "version": "0.4.6", 
              "name": "esptool"
            }, 
            {
              "packager": "esp8266", 
              "version": "1.20.0-26-gb404fb9-2", 
              "name": "xtensa-lx106-elf-gcc"
            }, 
            {
              "packager": "esp8266", 
              "version": "0.1.1", 
              "name": "mkspiffs"
            }
          ], 
          "boards": [
            {
              "name": "Generic ESP8266 Module"
            }, 
            {
              "name": "Olimex MOD-WIFI-ESP8266(-DEV)"
            }, 
            {
              "name": "NodeMCU 0.9 (ESP-12 Module)"
            }, 
            {
              "name": "NodeMCU 1.0 (ESP-12E Module)"
            }, 
            {
              "name": "Adafruit HUZZAH ESP8266 (ESP-12)"
            }, 
            {
              "name": "SparkFun Thing"
            }, 
            {
              "name": "SweetPea ESP-210"
            }
          ]
        }, 
        {
          "category": "ESP8266", 
          "help": {
            "online": "http://esp8266.github.com/Arduino/versions/2.3.0-rc1/"
          }, 
          "url": "https://github.com/esp8266/Arduino/releases/download/2.3.0-rc1/esp8266-2.3.0-rc1.zip", 
          "checksum": "SHA-256:549e7310d00b2bb437ad27b465f9062551c25f358c51996840e2986e6d1db0f8", 
          "version": "2.3.0-rc1", 
          "architecture": "esp8266", 
          "archiveFileName": "esp8266-2.3.0-rc1.zip", 
          "boards": [
            {
              "name": "Generic ESP8266 Module"
            }, 
            {
              "name": "Olimex MOD-WIFI-ESP8266(-DEV)"
            }, 
            {
              "name": "NodeMCU 0.9 (ESP-12 Module)"
            }, 
            {
              "name": "NodeMCU 1.0 (ESP-12E Module)"
            }, 
            {
              "name": "Adafruit HUZZAH ESP8266 (ESP-12)"
            }, 
            {
              "name": "ESPresso Lite 1.0"
            }, 
            {
              "name": "ESPresso Lite 2.0"
            }, 
            {
              "name": "SparkFun Thing"
            }, 
            {
              "name": "SweetPea ESP-210"
            }, 
            {
              "name": "WeMos D1"
            }, 
            {
              "name": "WeMos D1 mini"
            }, 
            {
              "name": "ESPino (ESP-12 Module)"
            }, 
            {
              "name": "ESPino (WROOM-02 Module)"
            }, 
            {
              "name": "WifInfo"
            }, 
            {
              "name": "ESPDuino"
            }
          ], 
          "size": "6015885", 
          "toolsDependencies": [
            {
              "packager": "esp8266", 
              "version": "0.4.8", 
              "name": "esptool"
            }, 
            {
              "packager": "esp8266", 
              "version": "1.20.0-26-gb404fb9-2", 
              "name": "xtensa-lx106-elf-gcc"
            }, 
            {
              "packager": "esp8266", 
              "version": "0.1.2", 
              "name": "mkspiffs"
            }
          ], 
          "name": "esp8266"
        }, 
        {
          "category": "ESP8266", 
          "name": "esp8266", 
          "url": "https://github.com/esp8266/Arduino/releases/download/2.3.0-rc2/esp8266-2.3.0-rc2.zip", 
          "checksum": "SHA-256:d2bb0d0a0996dd1fb6096146383abfab0deb843397769ef0a4e526035a4f94a3", 
          "help": {
            "online": "http://esp8266.github.com/Arduino/versions/2.3.0-rc2/"
          }, 
          "version": "2.3.0-rc2", 
          "architecture": "esp8266", 
          "archiveFileName": "esp8266-2.3.0-rc2.zip", 
          "boards": [
            {
              "name": "Generic ESP8266 Module"
            }, 
            {
              "name": "Olimex MOD-WIFI-ESP8266(-DEV)"
            }, 
            {
              "name": "NodeMCU 0.9 (ESP-12 Module)"
            }, 
            {
              "name": "NodeMCU 1.0 (ESP-12E Module)"
            }, 
            {
              "name": "Adafruit HUZZAH ESP8266 (ESP-12)"
            }, 
            {
              "name": "ESPresso Lite 1.0"
            }, 
            {
              "name": "ESPresso Lite 2.0"
            }, 
            {
              "name": "Phoenix 1.0"
            }, 
            {
              "name": "Phoenix 2.0"
            }, 
            {
              "name": "SparkFun Thing"
            }, 
            {
              "name": "SweetPea ESP-210"
            }, 
            {
              "name": "WeMos D1"
            }, 
            {
              "name": "WeMos D1 mini"
            }, 
            {
              "name": "ESPino (ESP-12 Module)"
            }, 
            {
              "name": "ESPino (WROOM-02 Module)"
            }, 
            {
              "name": "WifInfo"
            }, 
            {
              "name": "ESPDuino"
            }
          ], 
          "toolsDependencies": [
            {
              "packager": "esp8266", 
              "version": "0.4.8", 
              "name": "esptool"
            }, 
            {
              "packager": "esp8266", 
              "version": "1.20.0-26-gb404fb9-2", 
              "name": "xtensa-lx106-elf-gcc"
            }, 
            {
              "packager": "esp8266", 
              "version": "0.1.2", 
              "name": "mkspiffs"
            }
          ], 
          "size": "8600286"
        }, 
        {
          "category": "ESP8266", 
          "help": {
            "online": "http://esp8266.github.com/Arduino/versions/2.1.0-rc2/"
          }, 
          "url": "https://github.com/esp8266/Arduino/releases/download/2.1.0-rc2/esp8266-2.1.0-rc2.zip", 
          "checksum": "SHA-256:0a123e65d3a0f9769100aae18717e54ace79a53cd9800677456574ad560be57f", 
          "version": "2.1.0-rc2", 
          "architecture": "esp8266", 
          "archiveFileName": "esp8266-2.1.0-rc2.zip", 
          "boards": [
            {
              "name": "Generic ESP8266 Module"
            }, 
            {
              "name": "Olimex MOD-WIFI-ESP8266(-DEV)"
            }, 
            {
              "name": "NodeMCU 0.9 (ESP-12 Module)"
            }, 
            {
              "name": "NodeMCU 1.0 (ESP-12E Module)"
            }, 
            {
              "name": "Adafruit HUZZAH ESP8266 (ESP-12)"
            }, 
            {
              "name": "SparkFun Thing"
            }, 
            {
              "name": "SweetPea ESP-210"
            }, 
            {
              "name": "WeMos D1"
            }, 
            {
              "name": "WeMos D1 mini"
            }, 
            {
              "name": "ESPino"
            }, 
            {
              "name": "WifInfo"
            }, 
            {
              "name": "ESPDuino"
            }
          ], 
          "size": "5094003", 
          "toolsDependencies": [
            {
              "packager": "esp8266", 
              "version": "0.4.6", 
              "name": "esptool"
            }, 
            {
              "packager": "esp8266", 
              "version": "1.20.0-26-gb404fb9-2", 
              "name": "xtensa-lx106-elf-gcc"
            }, 
            {
              "packager": "esp8266", 
              "version": "0.1.2", 
              "name": "mkspiffs"
            }
          ], 
          "name": "esp8266"
        }, 
        {
          "category": "ESP8266", 
          "help": {
            "online": "http://esp8266.github.io/Arduino/versions/2.0.0-rc2/"
          }, 
          "url": "https://github.com/esp8266/Arduino/releases/download/2.0.0-rc2/esp8266-2.0.0-rc2.zip", 
          "checksum": "SHA-256:a0cc19055b5021735d607f6307dc01ff707f2bce8279b8c56f32da0feb56dade", 
          "version": "2.0.0-rc2", 
          "architecture": "esp8266", 
          "archiveFileName": "esp8266-2.0.0-rc2.zip", 
          "boards": [
            {
              "name": "Generic ESP8266 Module"
            }, 
            {
              "name": "Olimex MOD-WIFI-ESP8266(-DEV)"
            }, 
            {
              "name": "NodeMCU 0.9 (ESP-12 Module)"
            }, 
            {
              "name": "NodeMCU 1.0 (ESP-12E Module)"
            }, 
            {
              "name": "Adafruit HUZZAH ESP8266 (ESP-12)"
            }, 
            {
              "name": "SparkFun Thing"
            }, 
            {
              "name": "SweetPea ESP-210"
            }, 
            {
              "name": "WeMos D1"
            }, 
            {
              "name": "WeMos D1 mini"
            }
          ], 
          "size": "5598726", 
          "toolsDependencies": [
            {
              "packager": "esp8266", 
              "version": "0.4.6", 
              "name": "esptool"
            }, 
            {
              "packager": "esp8266", 
              "version": "1.20.0-26-gb404fb9-2", 
              "name": "xtensa-lx106-elf-gcc"
            }, 
            {
              "packager": "esp8266", 
              "version": "0.1.2", 
              "name": "mkspiffs"
            }
          ], 
          "name": "esp8266"
        }, 
        {
          "category": "ESP8266", 
          "help": {
            "online": "http://arduino.esp8266.com/versions/2.0.0-rc1/doc/reference.html"
          }, 
          "url": "https://github.com/esp8266/Arduino/releases/download/2.0.0-rc1//esp8266-2.0.0-rc1.zip", 
          "checksum": "SHA-256:3c3e51bb4ff4960497b481a6598d8082e69e52cc1e7ca3c98f602cc5ff23e74b", 
          "name": "esp8266", 
          "version": "2.0.0-rc1", 
          "architecture": "esp8266", 
          "archiveFileName": "esp8266-2.0.0-rc1.zip", 
          "size": "5258853", 
          "toolsDependencies": [
            {
              "packager": "esp8266", 
              "version": "0.4.6", 
              "name": "esptool"
            }, 
            {
              "packager": "esp8266", 
              "version": "1.20.0-26-gb404fb9-2", 
              "name": "xtensa-lx106-elf-gcc"
            }, 
            {
              "packager": "esp8266", 
              "version": "0.1.2", 
              "name": "mkspiffs"
            }
          ], 
          "boards": [
            {
              "name": "Generic ESP8266 Module"
            }, 
            {
              "name": "Olimex MOD-WIFI-ESP8266(-DEV)"
            }, 
            {
              "name": "NodeMCU 0.9 (ESP-12 Module)"
            }, 
            {
              "name": "NodeMCU 1.0 (ESP-12E Module)"
            }, 
            {
              "name": "Adafruit HUZZAH ESP8266 (ESP-12)"
            }, 
            {
              "name": "SparkFun Thing"
            }, 
            {
              "name": "SweetPea ESP-210"
            }, 
            {
              "name": "WeMos D1"
            }, 
            {
              "name": "WeMos D1 mini"
            }
          ]
        }, 
        {
          "category": "ESP8266", 
          "help": {
            "online": "http://esp8266.github.com/Arduino/versions/2.1.0-rc1/"
          }, 
          "url": "https://github.com/esp8266/Arduino/releases/download/2.1.0-rc1/esp8266-2.1.0-rc1.zip", 
          "checksum": "SHA-256:a987134ccf8099dd2988d08fa88ae8f562aed331f36937877b5fafe4911641a0", 
          "name": "esp8266", 
          "version": "2.1.0-rc1", 
          "architecture": "esp8266", 
          "archiveFileName": "esp8266-2.1.0-rc1.zip", 
          "size": "5302842", 
          "toolsDependencies": [
            {
              "packager": "esp8266", 
              "version": "0.4.6", 
              "name": "esptool"
            }, 
            {
              "packager": "esp8266", 
              "version": "1.20.0-26-gb404fb9-2", 
              "name": "xtensa-lx106-elf-gcc"
            }, 
            {
              "packager": "esp8266", 
              "version": "0.1.2", 
              "name": "mkspiffs"
            }
          ], 
          "boards": [
            {
              "name": "Generic ESP8266 Module"
            }, 
            {
              "name": "Olimex MOD-WIFI-ESP8266(-DEV)"
            }, 
            {
              "name": "NodeMCU 0.9 (ESP-12 Module)"
            }, 
            {
              "name": "NodeMCU 1.0 (ESP-12E Module)"
            }, 
            {
              "name": "Adafruit HUZZAH ESP8266 (ESP-12)"
            }, 
            {
              "name": "SparkFun Thing"
            }, 
            {
              "name": "SweetPea ESP-210"
            }, 
            {
              "name": "WeMos D1"
            }, 
            {
              "name": "WeMos D1 mini"
            }, 
            {
              "name": "ESPino"
            }, 
            {
              "name": "WifInfo"
            }, 
            {
              "name": "ESPDuino"
            }
          ]
        }, 
        {
          "category": "ESP8266", 
          "help": {
            "online": "http://esp8266.github.com/Arduino/versions/2.2.0-rc1/"
          }, 
          "url": "https://github.com/esp8266/Arduino/releases/download/2.2.0-rc1/esp8266-2.2.0-rc1.zip", 
          "checksum": "SHA-256:9a33b18b748662f93990bc117e5e85675411feba8fe2326bd94c62982ae91fb7", 
          "name": "esp8266", 
          "version": "2.2.0-rc1", 
          "architecture": "esp8266", 
          "archiveFileName": "esp8266-2.2.0-rc1.zip", 
          "size": "5987845", 
          "toolsDependencies": [
            {
              "packager": "esp8266", 
              "version": "0.4.8", 
              "name": "esptool"
            }, 
            {
              "packager": "esp8266", 
              "version": "1.20.0-26-gb404fb9-2", 
              "name": "xtensa-lx106-elf-gcc"
            }, 
            {
              "packager": "esp8266", 
              "version": "0.1.2", 
              "name": "mkspiffs"
            }
          ], 
          "boards": [
            {
              "name": "Generic ESP8266 Module"
            }, 
            {
              "name": "Olimex MOD-WIFI-ESP8266(-DEV)"
            }, 
            {
              "name": "NodeMCU 0.9 (ESP-12 Module)"
            }, 
            {
              "name": "NodeMCU 1.0 (ESP-12E Module)"
            }, 
            {
              "name": "Adafruit HUZZAH ESP8266 (ESP-12)"
            }, 
            {
              "name": "ESPresso Lite 1.0"
            }, 
            {
              "name": "ESPresso Lite 2.0"
            }, 
            {
              "name": "SparkFun Thing"
            }, 
            {
              "name": "SweetPea ESP-210"
            }, 
            {
              "name": "WeMos D1"
            }, 
            {
              "name": "WeMos D1 mini"
            }, 
            {
              "name": "ESPino (ESP-12 Module)"
            }, 
            {
              "name": "ESPino (WROOM-02 Module)"
            }, 
            {
              "name": "WifInfo"
            }, 
            {
              "name": "ESPDuino"
            }
          ]
        }
      ], 
      "tools": [
        {
          "version": "1.20.0-26-gb404fb9-2", 
          "name": "xtensa-lx106-elf-gcc", 
          "systems": [
            {
              "url": "http://arduino.esp8266.com/win32-xtensa-lx106-elf-gb404fb9-2.tar.gz", 
              "checksum": "SHA-256:10476b9c11a7a90f40883413ddfb409f505b20692e316c4e597c4c175b4be09c", 
              "host": "i686-mingw32", 
              "archiveFileName": "win32-xtensa-lx106-elf-gb404fb9-2.tar.gz", 
              "size": "153527527"
            }, 
            {
              "url": "http://arduino.esp8266.com/osx-xtensa-lx106-elf-gb404fb9-2.tar.gz", 
              "checksum": "SHA-256:0cf150193997bd1355e0f49d3d49711730035257bc1aee1eaaad619e56b9e4e6", 
              "host": "x86_64-apple-darwin", 
              "archiveFileName": "osx-xtensa-lx106-elf-gb404fb9-2.tar.gz", 
              "size": "35385382"
            }, 
            {
              "url": "http://arduino.esp8266.com/osx-xtensa-lx106-elf-gb404fb9-2.tar.gz", 
              "checksum": "SHA-256:0cf150193997bd1355e0f49d3d49711730035257bc1aee1eaaad619e56b9e4e6", 
              "host": "i386-apple-darwin", 
              "archiveFileName": "osx-xtensa-lx106-elf-gb404fb9-2.tar.gz", 
              "size": "35385382"
            }, 
            {
              "url": "http://arduino.esp8266.com/linux64-xtensa-lx106-elf-gb404fb9.tar.gz", 
              "checksum": "SHA-256:46f057fbd8b320889a26167daf325038912096d09940b2a95489db92431473b7", 
              "host": "x86_64-pc-linux-gnu", 
              "archiveFileName": "linux64-xtensa-lx106-elf-gb404fb9.tar.gz", 
              "size": "30262903"
            }, 
            {
              "url": "http://arduino.esp8266.com/linux32-xtensa-lx106-elf.tar.gz", 
              "checksum": "SHA-256:b24817819f0078fb05895a640e806e0aca9aa96b47b80d2390ac8e2d9ddc955a", 
              "host": "i686-pc-linux-gnu", 
              "archiveFileName": "linux32-xtensa-lx106-elf.tar.gz", 
              "size": "32734156"
            }, 
            {
              "url": "http://arduino.esp8266.com/linuxarm-xtensa-lx106-elf-g46f160f-2.tar.gz", 
              "checksum": "SHA-256:f693946288f2ffa17288ef75ae16fa08573993f2b0a2a5e6bc35a68dc6087443", 
              "host": "arm-linux-gnueabihf", 
              "archiveFileName": "linuxarm-xtensa-lx106-elf-g46f160f-2.tar.gz", 
              "size": "34938475"
            }
          ]
        }, 
        {
          "version": "0.4.8", 
          "name": "esptool", 
          "systems": [
            {
              "url": "https://github.com/igrr/esptool-ck/releases/download/0.4.8/esptool-0.4.8-win32.zip", 
              "checksum": "SHA-256:8d09cb0df6234c2a0562389ceedd11482b44a3f538695f9a4df80f9f10411ece", 
              "host": "i686-mingw32", 
              "archiveFileName": "esptool-0.4.8-win32.zip", 
              "size": "32192"
            }, 
            {
              "url": "https://github.com/igrr/esptool-ck/releases/download/0.4.8/esptool-0.4.8-osx.tar.gz", 
              "checksum": "SHA-256:2bcbf19934543fb06c505b2a595b68a76e4cab8e3d8968a4d1802195c87126cf", 
              "host": "x86_64-apple-darwin", 
              "archiveFileName": "esptool-0.4.8-osx.tar.gz", 
              "size": "28798"
            }, 
            {
              "url": "https://github.com/igrr/esptool-ck/releases/download/0.4.8/esptool-0.4.8-osx.tar.gz", 
              "checksum": "SHA-256:2bcbf19934543fb06c505b2a595b68a76e4cab8e3d8968a4d1802195c87126cf", 
              "host": "i386-apple-darwin", 
              "archiveFileName": "esptool-0.4.8-osx.tar.gz", 
              "size": "28798"
            }, 
            {
              "url": "https://github.com/igrr/esptool-ck/releases/download/0.4.8/esptool-0.4.8-linux64.tar.gz", 
              "checksum": "SHA-256:1cd9a6014bbbc37ba6dc249f4fc027f0ca9bbc6dd0e203ebc7d146dfd78a6e78", 
              "host": "x86_64-pc-linux-gnu", 
              "archiveFileName": "esptool-0.4.8-linux64.tar.gz", 
              "size": "15479"
            }, 
            {
              "url": "https://github.com/igrr/esptool-ck/releases/download/0.4.8/esptool-0.4.8-linux32.tar.gz", 
              "checksum": "SHA-256:b0d6e71e6f41d4ed7e167bb4b3f4f0b1b3e49d69af50ab7fbe952cbfed83f164", 
              "host": "i686-pc-linux-gnu", 
              "archiveFileName": "esptool-0.4.8-linux32.tar.gz", 
              "size": "15444"
            }, 
            {
              "url": "https://github.com/igrr/esptool-ck/releases/download/0.4.8/esptool-0.4.8-linux-armhf.tar.gz", 
              "checksum": "SHA-256:e9c4dfb81781610556a6af0377c8efc7cde359e0e2cda2fd48e0a32bae10f506", 
              "host": "arm-linux-gnueabihf", 
              "archiveFileName": "esptool-0.4.8-linux-armhf.tar.gz", 
              "size": "13630"
            }
          ]
        }, 
        {
          "version": "0.4.6", 
          "name": "esptool", 
          "systems": [
            {
              "url": "https://github.com/igrr/esptool-ck/releases/download/0.4.6/esptool-0.4.6-win32.zip", 
              "checksum": "SHA-256:0248bf78514a3195f583e29218ca7828a66e13c6e5545a078f1c1257033e4927", 
              "host": "i686-mingw32", 
              "archiveFileName": "esptool-0.4.6-win32.zip", 
              "size": "17481"
            }, 
            {
              "url": "https://github.com/igrr/esptool-ck/releases/download/0.4.6/esptool-0.4.6-osx.tar.gz", 
              "checksum": "SHA-256:0fe87ba7e29ee90a9fc72492aada8c0796f9e8f8a1c594b6b26cee2610d09bb3", 
              "host": "x86_64-apple-darwin", 
              "archiveFileName": "esptool-0.4.6-osx.tar.gz", 
              "size": "20926"
            }, 
            {
              "url": "https://github.com/igrr/esptool-ck/releases/download/0.4.6/esptool-0.4.6-osx.tar.gz", 
              "checksum": "SHA-256:0fe87ba7e29ee90a9fc72492aada8c0796f9e8f8a1c594b6b26cee2610d09bb3", 
              "host": "i386-apple-darwin", 
              "archiveFileName": "esptool-0.4.6-osx.tar.gz", 
              "size": "20926"
            }, 
            {
              "url": "https://github.com/igrr/esptool-ck/releases/download/0.4.6/esptool-0.4.6-linux64.tar.gz", 
              "checksum": "SHA-256:f9f456e9a42bb2597126c513cb8865f923fb978865d4838b9623d322216b74d0", 
              "host": "x86_64-pc-linux-gnu", 
              "archiveFileName": "esptool-0.4.6-linux64.tar.gz", 
              "size": "12885"
            }, 
            {
              "url": "https://github.com/igrr/esptool-ck/releases/download/0.4.6/esptool-0.4.6-linux32.tar.gz", 
              "checksum": "SHA-256:85275ca03a82bfc456f5a84e86962ca1e470ea2e168829c38ca29ee668831d93", 
              "host": "i686-pc-linux-gnu", 
              "archiveFileName": "esptool-0.4.6-linux32.tar.gz", 
              "size": "13417"
            }
          ]
        }, 
        {
          "version": "0.1.1", 
          "name": "mkspiffs", 
          "systems": [
            {
              "url": "https://github.com/igrr/mkspiffs/releases/download/0.1.1/mkspiffs-0.1.1-windows.zip", 
              "checksum": "SHA-256:421532b415f2227c15ea8b7c633b50a15bdcb40b61d1d223b155b9b5cff886a7", 
              "host": "i686-mingw32", 
              "archiveFileName": "mkspiffs-0.1.1-windows.zip", 
              "size": "228989"
            }, 
            {
              "url": "https://github.com/igrr/mkspiffs/releases/download/0.1.1/mkspiffs-0.1.1-osx.tar.gz", 
              "checksum": "SHA-256:673cbc3027ca461f6b928bb910953b4e78cec2d4b638c872410461296c54aeaf", 
              "host": "x86_64-apple-darwin", 
              "archiveFileName": "mkspiffs-0.1.1-osx.tar.gz", 
              "size": "123544"
            }, 
            {
              "url": "https://github.com/igrr/mkspiffs/releases/download/0.1.1/mkspiffs-0.1.1-osx.tar.gz", 
              "checksum": "SHA-256:673cbc3027ca461f6b928bb910953b4e78cec2d4b638c872410461296c54aeaf", 
              "host": "i386-apple-darwin", 
              "archiveFileName": "mkspiffs-0.1.1-osx.tar.gz", 
              "size": "123544"
            }, 
            {
              "url": "https://github.com/igrr/mkspiffs/releases/download/0.1.1/mkspiffs-0.1.1-linux64.tar.gz", 
              "checksum": "SHA-256:afea5786cf60c8cfdae5d2665323ce281c05c0516590ba2bf6282e396e3fa76a", 
              "host": "x86_64-pc-linux-gnu", 
              "archiveFileName": "mkspiffs-0.1.1-linux64.tar.gz", 
              "size": "44373"
            }, 
            {
              "url": "https://github.com/igrr/mkspiffs/releases/download/0.1.1/mkspiffs-0.1.1-linux32.tar.gz", 
              "checksum": "SHA-256:46a646a9e9070912234c9a7d5618d9787047b07b44a4aef5e05f16f9100d37ce", 
              "host": "i686-pc-linux-gnu", 
              "archiveFileName": "mkspiffs-0.1.1-linux32.tar.gz", 
              "size": "43304"
            }
          ]
        }, 
        {
          "version": "0.1.2", 
          "name": "mkspiffs", 
          "systems": [
            {
              "url": "https://github.com/igrr/mkspiffs/releases/download/0.1.2/mkspiffs-0.1.2-windows.zip", 
              "checksum": "SHA-256:0a29119b8458b61a877408f7995e4944623a712e0d313a2c2f76af9ab55cc9f2", 
              "host": "i686-mingw32", 
              "archiveFileName": "mkspiffs-0.1.2-windows.zip", 
              "size": "230802"
            }, 
            {
              "url": "https://github.com/igrr/mkspiffs/releases/download/0.1.2/mkspiffs-0.1.2-osx.tar.gz", 
              "checksum": "SHA-256:df656fae21a41c1269ea50cb53752dcaf6a4e1437255f3a9fb50b4025549b58e", 
              "host": "x86_64-apple-darwin", 
              "archiveFileName": "mkspiffs-0.1.2-osx.tar.gz", 
              "size": "115091"
            }, 
            {
              "url": "https://github.com/igrr/mkspiffs/releases/download/0.1.2/mkspiffs-0.1.2-osx.tar.gz", 
              "checksum": "SHA-256:df656fae21a41c1269ea50cb53752dcaf6a4e1437255f3a9fb50b4025549b58e", 
              "host": "i386-apple-darwin", 
              "archiveFileName": "mkspiffs-0.1.2-osx.tar.gz", 
              "size": "115091"
            }, 
            {
              "url": "https://github.com/igrr/mkspiffs/releases/download/0.1.2/mkspiffs-0.1.2-linux64.tar.gz", 
              "checksum": "SHA-256:1a1dd81b51daf74c382db71b42251757ca4136e8762107e69feaa8617bac315f", 
              "host": "x86_64-pc-linux-gnu", 
              "archiveFileName": "mkspiffs-0.1.2-linux64.tar.gz", 
              "size": "46281"
            }, 
            {
              "url": "https://github.com/igrr/mkspiffs/releases/download/0.1.2/mkspiffs-0.1.2-linux32.tar.gz", 
              "checksum": "SHA-256:e990d545dfcae308aabaac5fa9e1db734cc2b08167969e7eedac88bd0839667c", 
              "host": "i686-pc-linux-gnu", 
              "archiveFileName": "mkspiffs-0.1.2-linux32.tar.gz", 
              "size": "45272"
            }, 
            {
              "url": "https://github.com/igrr/mkspiffs/releases/download/0.1.2/mkspiffs-0.1.2-linux-armhf.tar.gz", 
              "checksum": "SHA-256:5a8836932cd24325d69054cebdd46359eba02919ffaa87b130c54acfecc13f46", 
              "host": "arm-linux-gnueabihf", 
              "archiveFileName": "mkspiffs-0.1.2-linux-armhf.tar.gz", 
              "size": "41685"
            }
          ]
        }
      ], 
      "email": "ivan@esp8266.com", 
      "name": "esp8266"
    }
  ]
}