{"498": [0, 2], "495": [0, 2], "496": [0, 2], "491": [0, 2], "492": [0, 4], "493": [0, 2], "345": [0, 1], "346": [0, 3], "404": [0, 1], "403": [0, 3], "342": [0, 1], "400": [0, 1], "281": [0, 1], "284": [0, 2], "409": [0, 1], "408": [0, 1], "262": [0, 1], "261": [0, 1], "266": [0, 3], "264": [0, 1], "457": [0, 2], "364": [0, 1], "414": [0, 1], "415": [0, 4], "416": [0, 2], "410": [0, 1], "412": [0, 1], "371": [0, 1], "373": [0, 2], "295": [0, 1], "375": [0, 1], "377": [0, 1], "291": [0, 1], "319": [0, 1], "318": [0, 1], "316": [0, 1], "314": [0, 2], "270": [0, 1], "274": [0, 3], "275": [0, 1], "395": [0, 1], "394": [0, 1], "278": [0, 1], "279": [0, 1], "398": [0, 2], "378": [0, 2], "368": [0, 1], "369": [0, 1], "421": [0, 6], "423": [0, 2], "362": [0, 1], "302": [0, 3], "426": [0, 4], "309": [0, 3], "448": [0, 2], "443": [0, 2], "304": [0, 1], "441": [0, 4], "440": [0, 4], "447": [0, 2], "380": [0, 1], "381": [0, 2], "384": [0, 1], "386": [0, 1], "387": [0, 1], "388": [0, 1], "292": [0, 2], "290": [0, 1], "438": [0, 4], "439": [0, 8], "436": [0, 2], "435": [0, 2], "432": [0, 4], "458": [0, 2], "338": [0, 1], "334": [0, 1], "337": [0, 1], "336": [0, 1], "455": [0, 6], "333": [0, 1], "332": [0, 1], "296": [0, 4], "257": [0, 1], "288": [0, 1], "508": [0, 2], "506": [0, 2], "507": [0, 4], "502": [0, 2], "501": [0, 2], "469": [0, 2], "467": [0, 4], "461": [0, 4], "463": [0, 2], "462": [0, 2], "393": [0, 1], "397": [0, 1], "470": [0, 2], "456": [0, 2], "324": [0, 1], "325": [0, 1], "329": [0, 1], "487": [0, 2], "485": [0, 2], "483": [0, 6], "481": [0, 2], "473": [0, 2], "355": [0, 2], "354": [0, 1], "476": [0, 10], "352": [0, 1], "351": [0, 2], "350": [0, 3], "359": [0, 2], "358": [0, 1]}