{"669": [0, 2], "762": [0, 4], "665": [0, 2], "664": [0, 2], "663": [0, 4], "621": [0, 2], "696": [0, 4], "697": [0, 2], "695": [0, 4], "758": [0, 2], "543": [0, 2], "540": [0, 2], "546": [0, 2], "547": [0, 2], "545": [0, 2], "760": [0, 2], "628": [0, 2], "678": [0, 4], "718": [0, 4], "766": [0, 8], "676": [0, 4], "677": [0, 4], "670": [0, 2], "671": [0, 2], "537": [0, 2], "536": [0, 4], "535": [0, 4], "533": [0, 2], "531": [0, 4], "539": [0, 2], "591": [0, 4], "593": [0, 6], "592": [0, 2], "595": [0, 2], "596": [0, 2], "705": [0, 6], "714": [0, 2], "526": [0, 2], "527": [0, 6], "520": [0, 2], "522": [0, 2], "523": [0, 2], "529": [0, 2], "587": [0, 2], "583": [0, 4], "580": [0, 6], "588": [0, 2], "589": [0, 2], "641": [0, 2], "518": [0, 2], "642": [0, 4], "645": [0, 2], "649": [0, 6], "648": [0, 2], "513": [0, 2], "514": [0, 2], "516": [0, 2], "622": [0, 2], "579": [0, 6], "578": [0, 4], "625": [0, 2], "624": [0, 2], "573": [0, 4], "572": [0, 2], "571": [0, 2], "570": [0, 2], "576": [0, 2], "575": [0, 2], "574": [0, 2], "744": [0, 4], "733": [0, 2], "656": [0, 2], "730": [0, 4], "654": [0, 4], "732": [0, 8], "737": [0, 2], "739": [0, 2], "738": [0, 2], "658": [0, 2], "659": [0, 6], "630": [0, 2], "752": [0, 2], "751": [0, 2], "633": [0, 2], "634": [0, 4], "635": [0, 2], "637": [0, 2], "638": [0, 2], "639": [0, 2], "563": [0, 2], "564": [0, 2], "565": [0, 8], "726": [0, 2], "724": [0, 4], "725": [0, 2], "722": [0, 2], "720": [0, 4], "753": [0, 2], "742": [0, 2], "606": [0, 4], "601": [0, 2], "600": [0, 2], "747": [0, 2], "557": [0, 2], "609": [0, 2], "608": [0, 6], "552": [0, 8], "757": [0, 2], "618": [0, 2], "619": [0, 4], "612": [0, 2], "616": [0, 4], "615": [0, 4], "689": [0, 2], "688": [0, 2], "685": [0, 6], "686": [0, 6], "681": [0, 2], "682": [0, 4]}